{"mean": [74.43286092509553, 32.26890132007421, 44.78814865041824], "scale": [43.764211106804865, 7.095784920458685, 20.141874277339923]}